SMILES,preds,labels
c1ccc(C2(c3ccccc3)OOCC3OC32)cc1,0.9701201915740967,1
CC12CCC=C(CO)CCC3C(=Cc4ncc[nH]4)C(=O)OC3C1O2,0.9704414010047913,1
COc1ccc2c(c1)[nH]c1c(CC3OC3(C)C)c(O)c(C=O)cc12,0.9370843172073364,1
O=c1c2ccccc2oc2cc(OCC3CO3)cc(O)c12,0.7818949222564697,1
COC12C=C(Br)C(CC1c1cccc(C)c1)C1(CO1)C2=O,0.973937451839447,1
CC(C)CC(=O)C1OC12C(=O)CC(C)(C)CC2=O,0.9633777737617493,1
O=[N+]([O-])c1nccn1CC(O)C1CO1,0.750865638256073,1
CC1(C)CC(=O)c2c(c(C(C)(C)C3CO3)c3oc(=O)ccc3c2O)O1,0.8480963110923767,1
COc1cccc(C2OC2C(=O)c2cc3c(cc2N)OCO3)c1,0.7551496624946594,1
CC(C)COCC(CC(C)C)NC(=O)C1OC1C(=O)O,0.6412249207496643,1
C=C1CC2OC(C3C(C(C)C)CCC4(CO4)C23)C(C)(O)CCC1O,0.9852755069732666,1
O=[N+]([O-])c1ccc(C2OC2S(=O)(=O)N2CCOCC2)cc1,0.8621028065681458,1
COC(CC1OC1C(=O)COCc1ccccc1)OC,0.8674761652946472,1
O=C(NC1=CC(O)C2OC2C1=O)c1ccccc1O,0.90667325258255,1
CC12CCC3C(CCC4CC5OC5CC43C)C1CCC2O,0.9552486538887024,1
COC1=CC(=O)C2(C=C1)CO2,0.9360734224319458,1
CC12CC3CC4CCC(O)CC4CC3CC1CCC21CO1,0.9868800640106201,1
C=C1C(=O)OC2C1CCC1(C)OC13CC=C(C)C23,0.9896795749664307,1
COC1=CC(=O)c2ccccc2C12CO2,0.9757266640663147,1
O=C(O)C1OC1c1ccccc1,0.8557995557785034,1
CC1=CC(O)CC2(C)OC2CC(C)(C)C=CC1=O,0.9592887759208679,1
OC1(C#CC2(c3ccccc3)CO2)CCN(Cc2ccccc2)CC1,0.930493175983429,1
CC1=C2CC3OC3(C)C2C2OC(=O)C(CN3CCOCC3)C2CC1,0.978563666343689,1
CC(=O)OC1C(C=CC(C)(C)O)=CC(O)C2OC12,0.9014367461204529,1
CC1CCC2C3(CO3)C(=O)OC3OC4(C)CCC1C32OO4,0.986546516418457,1
COC12C(=O)CCC1(CO)C2C1(C)OC1CC=C(C)C,0.9910939335823059,1
O=C(CCc1ccc(F)cc1)c1cc(F)ccc1OCC1CO1,0.6640549898147583,1
CC12CCC3C(CCC45OC4C(=O)CCC35C)C1CCC2=O,0.9888101816177368,1
Cc1ccccc1C1OC1S(=O)(=O)N1CCOCC1,0.8831884860992432,1
CC1=CC2OC3C(O)CC(C)(C34CO4)C2(CO)C(O)C1=O,0.9909141063690186,1
O=S(=O)(CC1CO1)c1ccccc1,0.8279346823692322,1
COc1cc(C(=O)OC(C(N)=O)C2(C)CO2)c2cccc(C)c2c1,0.9080806970596313,1
CC1(C)OC1CC(=O)Nc1cccnc1C(=O)Nc1nccs1,0.9319303631782532,1
Cc1ccc(OCC2CO2)cc1,0.7610104084014893,1
CCSC(=O)OCC=C(C)CCC1OC1(C)C,0.914598822593689,1
C=C1CCC2OC2(CO)CC2OC23C(C(C)(C)O)CCC3(C)CC1,0.9914877414703369,1
OC1c2ccc3cc4ccc5ccccc5c4cc3c2C2OC2C1O,0.943433403968811,1
C=C1C(=O)OC2C=C(C)C=CC3OC3(C)CC(O)C12,0.955585777759552,1
O=c1ccc2cnc(Nc3ccccc3)nc2n1CC1CO1,0.6984511613845825,1
C=C(C)C1CCC2=CC(CC3(C)OC3C(=O)C=C(C)C(=O)C1)OC2=O,0.9653439521789551,1
COC1C(=O)CCC2(CO2)C1(O)C1(C)OC1CC=C(C)C,0.9934280514717102,1
O=c1n(CC2CO2)c2cccnc2n1-c1ccc2c(c1)OCO2,0.7248234152793884,1
O=C(CCc1ccc(Cc2ccccc2)cc1)OCC1CO1,0.5097113847732544,1
O=C(OCC1CO1)c1ccccc1,0.7914671301841736,1
COC1C(=O)CCC(O)(C=O)C1C1(C)OC1CC=C(C)C,0.9798892140388489,1
Cc1ccc(S(=O)(=O)N(CC2CO2)c2cccc([N+](=O)[O-])c2)cc1,0.6843433976173401,1
CC12CCC(O)CC1CCC1C2CCC2(C)C1CCC21CO1,0.9868534803390503,1
OCC1C(O)C(O)C(O)C2OC12,0.9155787825584412,1
CC(C)C12OC1C=C1C3(C)CCC4=C(COC4=O)C3CC3OC13C2O,0.9841496348381042,1
C=C1C(=O)OC2C1CCC(C)(O)C13OC1C(Cl)C(C)(O)C23,0.9900817275047302,1
C=C1C(=O)OC2C1CCC(C)(O)C13OC1C1OC1(C)C23,0.9917140007019043,1
CC1=CC(O)CC2(C)OC2CCC(C)=CC2OCC(C)=C2CC1,0.9565221071243286,1
C[N+]1(C)C2CC(OC(=O)C(O)c3cccs3)CC1C1OC12,0.9336737990379333,1
NC(=O)N1c2ccccc2C2OC2c2ccccc21,0.9151877164840698,1
CC1=C2C(CC3C4(CCC5C(C)(C)CCC(O)C53C)OC24)OC1=O,0.9821420907974243,1
COC12C(=O)CCC1(C=O)C2C1(C)OC1CC=C(C)C,0.9908080697059631,1
CCC1CC(C)(CC(CC)C2OC2CC)OOC1CC(=O)OC,0.8882809281349182,1
O=C1c2ccccc2OCC12OC21C=CC(Cl)=CC1,0.9908512234687805,1
C=C(C)C12OC1C1(C)C(=CC2=O)CCC(O)C1C,0.9771205186843872,1
C=C1C(=O)OC2CC(C)C3(C=CC(C)=O)OC3CC12,0.9530468583106995,1
CC1=CCC(C)(C)C=CCC2(C)OC2CC1,0.9574989676475525,1
C=C(C)C(O)CCC1(C)C=CCC2(C)OC2CCC(C=O)=CC1,0.9552057385444641,1
C1OC1COC1COC2C(OCC3CO3)COC12,0.9197635650634766,1
O=C1c2cccc([N+](=O)[O-])c2C(=O)C2OC12,0.9259130358695984,1
CC1=CC(=O)C2(OC2C(=O)CC(C)C)C(=O)N1C,0.9643288850784302,1
C1C2CC3CC1CC(C14COOCC1O4)(C2)C3,0.9850196838378906,1
COc1cc(Cc2cnc(N)nc2N)cc(OC)c1OCC1CO1,0.6200422644615173,1
CC(=O)C1CCC2C3C(CCC12C)C1(C)CCC(O)CC12OC32,0.9887571930885315,1
CC(=O)OCC12CCC(C)=CC1OC1C(=NO)C(O)C2(C)C12CO2,0.9932819604873657,1
Cc1cc(O)c2c(c1)C(C(C)CCC1OC1(C)C)CCC2C,0.9375671148300171,1
COC1=CC2(CC(OC)=C1OC)OC21COc2ccccc2C1=O,0.9904346466064453,1
CC1CC2OC(=O)CC2CC2(C)C(O)C3OC3C12,0.9684172868728638,1
COc1ccc(N(CC2CO2)S(=O)(=O)c2ccc(C)cc2)cc1,0.6914671063423157,1
COC1=CC2C3C=CC(C2C2(CO2)C1=O)C1(CO1)C3=O,0.9842924475669861,1
O=C(Nc1cc([N+](=O)[O-])cc([N+](=O)[O-])c1)OC1C2CCC1C1OC1C2,0.891261637210846,1
CC(C)C1OC(=O)C=C2C3(C)CC(O)CC4(C)C(=O)OC(C43)C3OC213,0.9845534563064575,1
O=c1c2cccnc2oc2cc(OCC3CO3)cc(O)c12,0.7736021280288696,1
CC(=O)OC1CC2OC3C=C(C)CCC3(C)C1(C)C21CO1,0.993235170841217,1
CC1CC2OC2C=CC2(CC(=O)O1)CC(O)C(=O)O2,0.9108625650405884,1
CC1CC23OC2(CO1)C(=O)c1ccccc1C3=O,0.9924181699752808,1
CC(=O)C1OC1C(=O)NC(CC(C)C)C(=O)NCCC(C)C,0.6696439385414124,1
CC12CC(O)CC3(C)C4=CC(=O)OCC45OC5C(OC1=O)C23,0.9846705198287964,1
COC1C=CC23c4cc5c(cc4CN(C4OC42)C3C1)OCO5,0.9771233797073364,1
CC1(C)OC1CCCc1cc(O)ccc1O,0.9365186095237732,1
CC1OC1c1ccc2ccccc2n1,0.8712318539619446,1
O=[N+]([O-])c1nccn1CCC1CO1,0.7956039905548096,1
C=C1CCC2OC2(C)CCC2C(=CCC=C(C)C)COC(=O)C12,0.956183671951294,1
CC(=O)c1ccc2c(c1)CCC1C2CC2OC23CC(O)CCC13C,0.9887597560882568,1
O=C1c2cc3c(cc2C2C(O)C4OC4C4CCN1C42)OCO3,0.9464387893676758,1
CC1(C(=O)C2=NNCC2c2ccccc2)CO1,0.9147564768791199,1
Cc1ccc(OCC2CO2)c(Br)c1,0.8275777697563171,1
Cn1c(CC2(C)CO2)cc(=O)n(C)c1=O,0.9029638171195984,1
COc1cccc2c1C(=O)c1c(ccc(CC3CO3)c1O)C2=O,0.5892981886863708,1
CC1(Cn2ccnc2[N+](=O)[O-])CO1,0.9038567543029785,1
CC1C(=O)OC2CC3(C)OC3CCC3=CC(OC3=O)C21,0.9577686190605164,1
C=C1C(=O)OC2CC(C)C3C(O)CC(C)(O)C34OC4C12,0.9889968633651733,1
COC(=O)C1C2CC(C3OC23)C1C(=O)OC,0.9075489044189453,1
COc1cccc(S(=O)(=O)C2CO2)c1,0.834724485874176,1
CC(C)C(NC(=O)C1OC1C)C(=O)OCc1ccccc1,0.7697949409484863,1
C=C(C)C1CC(=O)C2(C)CC3OC3(C)CCC=C(C)CCC12,0.964424192905426,1
CC12CC3CCC4CC(O)CCC4C3CC1CCC21CO1,0.9868741631507874,1
O=C(OC1CC2NC(C1)C1OC21)C(CO)c1ccccc1,0.9049171209335327,1
O=C(NC1=CC(=O)C2OC2C1O)c1ccccc1O,0.9090228080749512,1
CC(=CC(=O)O)CCC1(C)C(C)CCC2(C)C1CCC1OC12C,0.9821004271507263,1
C=C1CC(CC2(C)OC2COc2ccc3ccc(=O)oc3c2)OC1=O,0.9396851658821106,1
CC12CCC3C(CCC45OC4c4oncc4CC35C)C1CCC2O,0.989391565322876,1
CC12CCC3C(CCC4C5OC5CCC34C)C1CCC2O,0.961530864238739,1
CC1CCC=C2CCC(C(=O)C3(CO)CO3)C21C,0.9520243406295776,1
O=C1c2c(O)ccc3c2C(c2ccc(O)c4c2C3C2OC2C4=O)C2OC12,0.9430285096168518,1
NC(=O)C1(CCCc2ccccc2)CO1,0.8826714754104614,1
CC1CC(=O)C=C2CCC(C3(C)CO3)CC21C,0.9521845579147339,1
CC1=C2CC3(C)C(=O)CC(C(C)C)C3CC3OC3(C)C2CC1=O,0.9686636924743652,1
C=C1C(=O)OC2C=C(C)C=CC3OC3(C)CC(OC(C)=O)C12,0.9549176692962646,1
C=C1C(=O)OC2CC3(C)OC3CCC3(C)OC3CC12,0.9581995606422424,1
CCOC(=O)c1cn(CC2CO2)c2c(F)cccc2c1=O,0.575855553150177,1
O=C1c2ccccc2C(=O)C2(c3ccccc3)OC12,0.9702808856964111,1
c1cc2c3c(c1)ccc1cccc(c13)C1OC21,0.9337080717086792,1
CC1(C(OC(=O)c2ccccc2)C(N)=O)CO1,0.9210709929466248,1
CC(C)C1=CC23OC2CC2C4=C(CCC2(C)C32OC2C1O)C(=O)OC4,0.9962261915206909,1
OC1c2cc3ccc4cccc5ccc(c2C2OC2C1O)c3c45,0.9460647702217102,1
CC12C(=O)OC3C=C4COC(=O)C=C4C(C)(C4OC4C1O)C32,0.978926956653595,1
C1=CC2OC2c2ccc3c4c5c(cccc5cc3c21)C=C4,0.9315212965011597,1
CC(=O)NC1CCC2(C)OC2CC(C)(C)C=CC(=O)C1C,0.9578195810317993,1
CC1=CC2OC3C(O)C(O)C(C)(C34CO4)C2(CO)C(O)C1=O,0.9934966564178467,1
COC1(OC)c2ccccc2C(=O)C2(CC=C(C)C)OC21,0.9814587235450745,1
CC1=CCC(C(C)C)C(O)C2OC2(C)CC(O)C1O,0.9683315753936768,1
CC(C)C1CCC2(CO2)C2C(=O)OCC(C(=O)O)=CC12,0.9810570478439331,1
O=C1c2ccc([N+](=O)[O-])cc2C(=O)C2OC12,0.9176539778709412,1
COc1ccc2cc1Oc1ccc(cc1)C1OC1COC(=O)CC2,0.9091866612434387,1
O=C(c1ccc(-c2ccccc2)cc1)C1OC1c1ccc(O)cc1,0.7621322274208069,1
Cc1cccc(S(=O)(=O)C2CO2)c1,0.8428561687469482,1
COc1ccc2c(=O)c(-c3ccc(OCC4CO4)cc3)coc2c1,0.6701636910438538,1
OC1c2ccc3ccc4ccccc4c3c2C2OC2C1O,0.9446189403533936,1
COC1=CC(=O)C2(C(C)C(O)c3ccc(OC)c(O)c3)OC2C1=O,0.9651880860328674,1
CC1CCC2(C)C(CCC3OC32C)C1(C)CCC1=CC(=O)OC1O,0.9834479093551636,1
COc1ccc(C=CC(=O)c2ccc(OCC3CO3)cc2)cc1,0.5479790568351746,1
CCOC(=O)C1(Cc2ccccc2)CO1,0.8919457793235779,1
CC1(C)CC2C(=O)CCC3OC3(C)CCC21,0.9606001377105713,1
CC(=O)NC(COCCC1CO1)C(=O)NCc1ccccc1,0.6383376121520996,1
COC1C(OC(N)=O)CCC2(CO2)C1C(C)=NOCc1ccccc1,0.975500762462616,1
CC1=C2CC3(C)C(C)CCC4OC43CC2(O)OC1=O,0.9893194437026978,1
C=C1CCC2OC2(C)CCC2C1C(=O)OC2(C=CC1OC1(C)C)CO,0.9588169455528259,1
O=C1CCc2ccc(O)c(c2)Oc2ccc(cc2)C2OC2CO1,0.9101089239120483,1
CC(C)=CC(O)C1=CC(O)C2OC2C1=O,0.9000387787818909,1
OC1CCC2C3C=CC(C2C12CO2)C1(CO1)C3O,0.9846853017807007,1
c1ccc2c(OCC3CO3)cccc2c1,0.8520506024360657,1
CC1=CC(O)CC2(C)OC2C(O)C(C(C)C)CC1,0.9685139060020447,1
CC(=O)C1OC1c1ccc([N+](=O)[O-])cc1,0.8361802697181702,1
CCC=C(C)C(=O)C12OC1C(C)(O)NC2=O,0.9739276170730591,1
C=C(C)C1CCC2(C)OC2C1,0.9576690196990967,1
c1ccc(C2OC2c2ccc3ccccc3n2)cc1,0.8446539640426636,1
CC1=CC(=O)C(O)C2(CO2)C2CC(C)(C)C2CC1,0.9789555072784424,1
[O-][S+](c1ccccc1)C1OC1c1ccc(-c2ccccc2)cc1,0.8498721122741699,1
CC1=CC2OC3C(O)CC(O)C(C)(C2(CO)CC1)C31CO1,0.9933979511260986,1
CC1(C2CCC3C4CC=C5CC(O)CCC5(C)C4CCC32C)CO1,0.9724823832511902,1
CC1=C2CC3OC3(C)C2C2OC(=O)C(Cn3ccnc3)C2CC1,0.9786581993103027,1
COc1nc(CC2(c3ccccc3)CO2)cc(=O)n1C,0.9241554737091064,1
Cc1cccc(C2OC2S(=O)(=O)N2CCOCC2)c1,0.8739551901817322,1
O=C(c1ccc(-c2ccccc2)cc1)C1OC1c1ccc([N+](=O)[O-])cc1,0.7267648577690125,1
C=C1C(=O)OC2C=C(C)C=CC3OC3(C)CC(OC(=O)C(C)C)C12,0.9545282125473022,1
CC1=CC2OC(C)(CCC2C2(C)CO2)C(O)CCC(C)=CCC1,0.9633032083511353,1
CN1C(=O)c2ccccc2NC(=O)C12OC2c1ccccc1,0.9682571291923523,1
COc1cc2c(c3oc4c(O)cccc4c(=O)c13)C(C1(C)CO1)CO2,0.957850992679596,1
C=CC(O)C1OC1C=CC1OC1C(C)O,0.8271012306213379,1
Cc1ccc(C(=O)OC(C(N)=O)C2(C)CO2)c2ccccc12,0.9171766042709351,1
CCOC(=O)c1cn(CC2CO2)c2ccc(OC)cc2c1=O,0.6048288941383362,1
CC(C)=C1C(=O)CC2(C)CC3OC3(C)CCC3OC3(C)CCC12,0.9646902680397034,1
C=CC(C)(O)C=CC=C(C)C(CC1OC1(C)C)OC(=O)C(C)=CC,0.9214169979095459,1
CC1(C)CC2OC2(C)CCC2OC2(C)CC2OC21,0.9631217122077942,1
CC(C)OC(=O)C1OC1(C)c1ccccc1,0.940030574798584,1
CC12CCC3C(CCC4=CC(=O)CCC43CC3CO3)C1CCC2=O,0.932451605796814,1
C=C1C(=O)OC2CC(C)C3(CCC(C)O)OC3CC12,0.9590721726417542,1
CC1=CCC(C)(C)C=CC(O)C2(C)OC2CC1,0.957812488079071,1
CC(=O)OC1C=CC2OC2C(=O)OC(C)CC1O,0.874509871006012,1
CC1C(=O)OC2CC3(C)OC3C3OC3C3=CC(OC3=O)C21,0.9739254713058472,1
Cc1coc2c1C1C=C(CCC3OC3(C)C2)C(=O)O1,0.9580978155136108,1
Clc1ncoc1-c1cn(CC2CO2)c2ccccc12,0.8133527040481567,1
Cc1cn(C2OC(CO)C3OC32)c(=O)[nH]c1=O,0.9239417910575867,1
COc1c2ccoc2c(OCC2OC2(C)C)c2oc(=O)ccc12,0.933143675327301,1
O=[N+]([O-])c1ccc(C2OC2CO)cc1,0.8672692179679871,1
C=C1CCC2OC2(C)CCC2C1CC2(C)C(=O)C=CC(C)(C)O,0.9609425067901611,1
O=C(OCC1c2ccccc2-c2ccccc21)N1CCC2OC2C1,0.9315239787101746,1
COC(=O)C1(C(O)c2cccs2)CO1,0.9102332592010498,1
CC12CCC3C(CC4OC45CC(O)CCC35C)C1CCC2O,0.9889276027679443,1
CN1C2CC(OC(=O)C(O)(CO)c3ccccc3)CC1C1OC12,0.9102808833122253,1
CCC1(CC2(c3cccc(Cl)c3)CO2)C(=O)c2ccccc2C1=O,0.9382191300392151,1
Cc1ccc(C2OC2S(=O)(=O)N2CCN(C)CC2)cc1,0.8732885122299194,1
Cn1c(CC2(C(C)(C)C)CO2)cc(=O)n(C)c1=O,0.9408796429634094,1
C1=C2CCN3Cc4cc5c(cc4C(C4OC14)C23)OCO5,0.9433796405792236,1
CC1(C)OC1Cc1c(O)c(C=O)cc2c1[nH]c1ccccc12,0.93869549036026,1
O=C(C1=NNCC1c1ccccc1)C1OC1c1ccccc1,0.7654650807380676,1
Oc1cccc2c1C(O)C1OC1C21Oc2cccc3cccc(c23)O1,0.971912145614624,1
CCOC(=O)C1(CCCc2ccc(C)cc2)CO1,0.8751802444458008,1
Brc1ncoc1-c1cn(CC2CO2)c2ccccc12,0.8136395215988159,1
CC1(C)CC2CC2(C)C2=CC(=O)C3(C)OC23C1,0.9897077083587646,1
C=C1C(=O)OC2C1CC=C(C)C1(O)CC3OC3(C)C21,0.985550045967102,1
COC1C(O)CCC(O)(C=O)C1C1(C)OC1CC=C(C)C,0.9798730611801147,1
O=S(=O)(c1ccc2ccccc2c1)N(CC1CO1)c1ccccc1,0.7225667238235474,1
COc1ccc(C2OC2C(=O)NNc2cc(C)c3ccccc3n2)cc1,0.6818155646324158,1
CC1=CC2OC3CCC(C)(C2(CO)CC1)C31CO1,0.9908044338226318,1
COC(=O)C=C(C)CCC=C(C)CCC1OC1(C)C,0.916363537311554,1
CC(=O)OC1CC2(C)C3(CO3)C1OC1C=C(C)C(=O)C(O)C12CO,0.990666925907135,1
CC(=O)OC1=C(CC2OC2(C)C)C(=O)c2ccccc2C1=O,0.9322680830955505,1
CCOC(=O)C1OC1CCc1ccccc1,0.835533618927002,1
O=C1C=CC(O)C2(CO)OC12,0.9688897728919983,1
[N-]=[N+]=NCC1OC(n2cnc3c(N)ncnc32)C2OC12,0.9199414253234863,1
NC(=O)C1OC1C(=O)Nc1ccc(Br)cc1,0.8093196749687195,1
C=C1CCC=C(C)CCC2C(=CCC3OC3(C)C)COC(=O)C12,0.9326766729354858,1
C1CCC(C2OOCC3OC32)CC1,0.9242370128631592,1
Cc1cccc(C2OC2S(=O)(=O)N2CCN(C)CC2)c1,0.8727089762687683,1
CC(=O)C1CCC2C3CC4OC45CC(O)CCC5(C)C3CCC12C,0.988660454750061,1
C=C(C)C1(O)CCC2(C)CCC(=O)C3(C)OC23C1,0.9926941394805908,1
O=c1c2cc3ccccc3cc2oc2cc(OCC3CO3)cc(O)c12,0.7393892407417297,1
CN1C2CC(OC(=O)c3c[nH]c4ccccc34)CC1C1OC12,0.9165990352630615,1
CC12CCC(C(=O)N(CC3CO3)C1=O)C2(C)C,0.6617646217346191,1
CC(O)C(C)C1OC1CC1COC(Cc2ccoc2)C(O)C1O,0.8396087288856506,1
C=C1C(=O)OC2C=C(C)C=CC3OC3(C)CC(OCCC)C12,0.9563214778900146,1
CC1(C)c2ccc3c(c2C(=O)C2OC21)C(O)OC3=O,0.9654561281204224,1
CC12CCC3C(CCC45OC4C(=O)C(C(N)=O)CC35C)C1CCC2O,0.9886533617973328,1
CC12OC1C(=O)c1c(OCc3ccccc3)cccc1C2=O,0.9689717292785645,1
CCOC(=O)C1(C(O)c2cccs2)CO1,0.9035345315933228,1
COc1c2c(cc3c1C14CCN(C3)C1CC(OC)C1OC14)OCO2,0.9835385084152222,1
CC1(O)CCC2C3CCC4=CC(=O)CCC4(C)C34OC4CC21C,0.9921432733535767,1
CC(C)NCC(O)COc1cccc2c1CC1OC1C2,0.8963682651519775,1
COC(=O)C1OC1C(=O)OC,0.8324846625328064,1
CC(=O)OC1CC(C)OC(=O)C2OC2C=CC1O,0.8715994954109192,1
CC1OC(=O)C=CC(=O)C=CC2OC12,0.8985487222671509,1
COc1ccccc1N(CC1CO1)S(=O)(=O)c1ccc(C)cc1,0.7007211446762085,1
O=C(c1ccc(-c2ccccc2)cc1)C1OC1c1ccccc1[N+](=O)[O-],0.7080835700035095,1
Cc1ccc(C2(Cn3cncn3)CO2)cc1,0.932295024394989,1
CC(C)CCNC(=O)C(CC(C)C)NC(=O)C1OC1CO,0.7627814412117004,1
NC(CC1CCC(=O)C2OC12)C(=O)O,0.9064794778823853,1
O=C1C2C=C(Br)C(CC2c2ccccc2)C12CO2,0.9706803560256958,1
NC(=O)c1csc(C2OC(CO)C3OC23)n1,0.9247136116027832,1
NC(=O)C1OC1C(=O)Nc1ccc(Oc2ccc(N)cc2)cc1,0.6806263327598572,1
O=[N+]([O-])c1ccc(N(CC2CO2)S(=O)(=O)c2ccccc2)cc1,0.668592631816864,1
CC1CCC2C(=O)C3OC3(C)CCC3OC3(C)CCC1(C)C2CO,0.965539813041687,1
COc1cc(C(=O)C2OC2c2ccc(C)cc2)cc(OC)c1OC,0.7115210890769958,1
CC(O)C(C)C1OC1CC1COC(CC2=CC(=O)OC2)C(O)C1O,0.8369881510734558,1
CCOC(=O)C1(C(O)c2ccc[nH]2)CO1,0.9031164646148682,1
NC(=O)C1OC1C(=O)Nc1ccc(Oc2ccc([N+](=O)[O-])cc2)cc1,0.629825234413147,1
C=C1C(=O)C2(C)OC2(C)C1C(=O)O,0.9825668931007385,1
CC(=O)OC1CCC2(C)C3(C)CCC(C)=CC3OC1C21CO1,0.9904767274856567,1
CC1(C(OC(=O)c2ccc3ccccc3c2)C(N)=O)CO1,0.9209740161895752,1
CSC(=C[N+](=O)[O-])Nc1ccc(N(C)C)cc1,0.02455950155854225,0
COc1ccc(C=Cc2n[nH]c(-c3ccccc3O)n2)cc1OC,0.008770287968218327,0
COc1ccccc1NC(=O)C(=O)NCc1ccccc1Cl,0.013288121670484543,0
CS(=O)(=O)N1CCC(c2ccncn2)CC1,0.020150935277342796,0
CCOC(=O)C1CN(C(=O)C2CCOCC2)Cc2ncn(CC)c21,0.007247758563607931,0
CC(C)NCC(O)COc1ccc(C=CCO)cc1,0.054191067814826965,0
Cc1cc(OCC(=O)Nc2ccncc2)cc(C)c1Br,0.015617184340953827,0
Cc1cc(S(C)(=O)=O)c(C)c(S(=O)(=O)N2CCN(C)CC2)c1,0.008330738171935081,0
Cc1cccc(Nc2ncccc2O)n1,0.01699855551123619,0
COc1c(CNCCNC(=O)c2ccccc2F)c(C)nn1C,0.008487935177981853,0
CNC(=O)c1cccc(NC(=O)CCc2ccccc2)c1,0.027162527665495872,0
C=C1c2c(nc[nH]c2=O)OC1(C)C,0.01900901086628437,0
NC(=O)N(O)C1CCCc2c1ccc1ccccc21,0.004145879298448563,0
O=C(O)C(O)=Cc1cc(CCc2ccccc2)ncn1,0.037039801478385925,0
Cc1nc2[nH]c(=O)n(O)c(=O)c2s1,0.012145408429205418,0
N#Cc1ccc2oc(C(=O)Nc3nnn[nH]3)cc(=O)c2c1,0.00608952809125185,0
Oc1ccnc2cc(C(F)(F)F)cc(O)c12,0.006003339774906635,0
Cc1n[nH]c(C)c1CCC(=O)NN=CC=Cc1ccccc1,0.01257911417633295,0
Cc1cc(C)n(CCNS(=O)(=O)c2ccc(C)c(C)c2)n1,0.021228929981589317,0
c1ccc(Nc2nc(-c3ccco3)nc3ccccc23)cc1,0.007419377565383911,0
CNC(=O)C1=C(C)C2CCC(C)C3CCC4(C)OOC23C(O1)O4,0.9771835803985596,0
N#Cc1c[nH]c(-c2n[nH]cc2C=Cc2cccnc2)n1,0.007393724285066128,0
CC(N1CCOCC1)C(O)(c1ccccc1)c1ccccn1,0.010914952494204044,0
CCN(CC1CCOC1)C(=O)c1cnc2onc(C)c2c1,0.0224046278744936,0
CN(C)c1ccc(C=NN2C(=O)CSC2=S)c(Cl)c1,0.02336404100060463,0
Cn1nnc(NC(=O)c2cc(=O)c3ccccc3o2)n1,0.0062660775147378445,0
CC1CN(Cc2ccc(-c3ccncc3)cc2F)CC(C(N)=O)O1,0.8349924683570862,0
CCN1CCc2c(sc(N)c2C#N)C1,0.006630837917327881,0
Cn1ncc2ccc(C3CCCN(Cc4cccs4)C3)nc21,0.006923510693013668,0
COc1ccc(C=Cc2ccc(O)cc2)cc1OC,0.014154981821775436,0
NC1=C(c2nc3ccccc3s2)C(=O)CN1CCCO,0.008553598076105118,0
COc1ccc(C(=O)C=Cc2cccc(OC)c2OC)c(O)c1,0.006997650023549795,0
CC(C)S(=O)(=O)Nc1cccc(C(=O)NCc2ccccc2)c1,0.028055932372808456,0
CC(C)(CO)CC(O)Cn1c2ccccc2c2ccccc21,0.005491273943334818,0
O=C(Nc1ccccc1)N1CCC(N2Cc3ncccc3C2=O)CC1,0.006132756359875202,0
CC(=O)N1CCC(=C2c3ccc(F)cc3CCc3cccnc32)CC1,0.0017016326310113072,0
CCCN1C2=NCCCN2c2ccccc21,0.002568708499893546,0
CCOC(=O)C=C1CC(C(=O)OCC)Oc2c(OC)cccc21,0.004109818022698164,0
OCC(O)C(O)C(O)C(O)C(O)CN1CC(O)C(O)C1CO,0.03158289194107056,0
CC(C)Cc1cc(CNC(=O)c2ccccc2C2CCNC2)no1,0.0058364346623420715,0
CN(C)c1ccc(C#Cc2ccc(OCCOCCO)cc2)cc1,0.02674846723675728,0
CC(=O)OC1CC(C)=C2C(=O)C=C(C)C2C2OC(=O)C(C)C12,0.03514796867966652,0
C=C1C(O)OC2OC3(C)CCC4C(C)CCC1C24OO3,0.978354275226593,0
COC(=O)C(C)(C)ONC(=O)Nc1ccccc1[N+](=O)[O-],0.029431363567709923,0
O=S(=O)(Cc1ccccc1)c1ncc[nH]1,0.021168937906622887,0
OCC1OC(CSc2ccccc2)C(O)C1O,0.8359977006912231,0
CC1(C)CCc2c(c(Br)cc3oc4ccccc4c23)O1,0.012054648250341415,0
COc1ccc(Cc2ccccc2C2(O)CCN(C)CC2)cc1,0.0035074898041784763,0
CC1CCC(C(C)C)C(=O)C1=Cc1ccc(N)cc1,0.01004925649613142,0
C#CCNC(=O)C1=CC(C2CC2)C(CCCO)C(OCC)O1,0.12073364108800888,0
COc1ccccc1OCCCc1c(O)oc2ccccc2c1=O,0.006238837726414204,0
NS(=O)(=O)c1cnccc1N1CCN(c2ccccc2)CC1,0.007556182332336903,0
Cc1ccccc1-c1ccc([N+](=O)[O-])cc1,0.006646446883678436,0
Cc1ccc(C=CC(=O)NCc2ccco2)o1,0.03401026129722595,0
O=C(CSc1nc[nH]n1)NCc1ccccc1Cl,0.01939554698765278,0
N#CC(=Cc1ccccc1[N+](=O)[O-])c1nc(C2CC2)cs1,0.010118450969457626,0
CC(C)c1nn(C)c(Cl)c1CNCc1ccc(N(C)C)nc1,0.009112358093261719,0
Cc1cc(S(=O)(=O)Nc2ccccc2C(=O)O)ccc1F,0.011052343063056469,0
COC(=O)NNC(=O)C1CCC(C)CC1,0.058879971504211426,0
CC1=C(C=CC(=O)C=Cc2cccnc2)C(C)(C)CCC1,0.002145568374544382,0
COC(=O)C(O)C1CCN(CCc2ccncc2)CC1,0.04292500391602516,0
O=C(NC1CCNC1)c1ccc(-c2noc(C(F)(F)F)n2)cc1,0.01465883944183588,0
Cc1nc(-c2cc(C#N)c(O)nc2C)cs1,0.0089954799041152,0
COc1cc(-c2coc3cc(O)ccc3c2=O)ccc1O,0.006208769977092743,0
CCOC(O)=C1C(C)=NC2=C(C(=O)CCC2)C1c1cccs1,0.0023469310253858566,0
CCOc1ccc(N=Nc2ccc(N)cc2N)cc1,0.018183281645178795,0
Cc1cc(C2CCCN2C(=O)CN(C)Cc2ccccc2)no1,0.011598913930356503,0
Cc1nn(C)c2c1N(c1ccccc1)C(=O)CC(=O)N2C,0.0018066895427182317,0
CNC(=O)c1[nH]nc2c1CCc1cc(OC)ccc1-2,0.002076942240819335,0
CCNC(=O)Nc1nc2ccc(-c3cncc(OC)c3)cc2s1,0.009359961375594139,0
CC(C)=CCN1CCN(Cc2c[nH]c3ccccc23)CC1CCO,0.008615165017545223,0
c1nc(CCSC2=NCCN2)c[nH]1,0.08418736606836319,0
CN1C(=O)NC2C3NC(=O)c4ccc(Cl)n4C3CC21O,0.015454770065844059,0
Cc1ccc(NC(=O)CN(c2ccccc2)S(=O)(=O)N(C)C)cc1,0.01834600605070591,0
CN1CCN(C2=C(Cl)C(=O)N(Cc3ccccc3)C2=O)CC1,0.005745646543800831,0
COc1ccc(C(=O)C=Cc2c(F)cccc2Cl)c(O)c1,0.009453032165765762,0
Nc1cccc2oc(-c3ccc(Br)cc3)cc(=O)c12,0.004314591642469168,0
Cc1ccccc1NC(=O)C1CC(=O)N(c2ccccc2F)C1,0.005762537941336632,0
C=CCNc1sc2c(C)c(O)c3ccccc3c2[n+]1CC=C,0.0027250798884779215,0
CCN(CC)c1ccc(C(=O)NCCn2cnc3ccccc32)cc1,0.006552539765834808,0
C=CCN1CCN(Cc2cnc(Cl)s2)CC1,0.048134226351976395,0
O=C(O)c1ncc2c(=O)n(Cc3ccccc3)ccc2c1O,0.004475056193768978,0
COC(=O)c1scc(C)c1-n1ccc(C(=O)C(=O)N(C)C)c1,0.004170854110270739,0
Cc1cc([N+](=O)[O-])ccc1NC(=O)C=Cc1cccs1,0.013726767152547836,0
C[N+](C)(C)CCn1c(Cn2nnc3ccccc32)nc2ccccc21,0.006691947113722563,0
N#CC(c1ccccc1)N(CCc1ccccc1)C(=O)c1ccccc1,0.016110839322209358,0
O=C(NC(c1ccccc1)C(O)C(=O)O)c1ccccc1,0.016253968700766563,0
O=C(O)c1c(-c2cccnc2)ncc2c1CCN(Cc1cccnc1)C2,0.0034581294748932123,0
CC(NC(=O)c1ccc(S(=O)(=O)C(F)F)cc1)c1ccccc1,0.01749679073691368,0
O=C1c2ccccc2C(=O)c2[nH]c(Cc3ccc(F)cc3)nc21,0.0031045216601341963,0
Cn1c(=O)sc(=Nc2ccc(Br)cc2)n1C,0.024542897939682007,0
CCOC(=O)c1cc(=O)c2ccccc2o1,0.006415625102818012,0
Cc1ccc(CS(=O)(=O)CC[N+](C)(C)C)cc1,0.044404540210962296,0
CCOC(=O)C1=C(NC)C(=O)OC1C(=O)OCC,0.009206738322973251,0
CN(Cc1cccnc1)C1CC2(CCN(c3ccccn3)CC2)C1,0.010879387147724628,0
O=C(NCCCc1ccccc1)C1CCC(C(F)(F)F)CC1,0.02323164977133274,0
CC(N)(CO)C(=O)Nc1ccc(Oc2ccccc2)cc1,0.030635511502623558,0
Oc1ccc(-c2nc3cc(O)ccc3o2)cc1,0.01095854863524437,0
O=C(NNC(=O)c1cccc2ccccc12)c1ccccc1O,0.004298891872167587,0
COc1ncnc2c1CCN(C(=O)Cc1cccc(F)c1)CC2,0.00705906143411994,0
CCOC(=O)c1cnn(C(C)(C)C)c1-c1ccccc1,0.0033842187840491533,0
O=C(CCl)NC(=O)NC1c2ccccc2-c2ccccc21,0.0017012138850986958,0
Cc1nccn1CCCN1CCC2(CCC(=O)N(CC3CC3)C2)CC1,0.007120077032595873,0
CC(=NOCCC(=O)O)C1CC1,0.06640145927667618,0
Cc1ccc(Sc2ccc(C=NNC(N)=O)cc2)cc1,0.0347919836640358,0
NCC1CCC(c2ccc3ccccc3c2)O1,0.8687146902084351,0
Nc1cccc2cc(O)ccc12,0.005673890933394432,0
COCC(=O)N1CCN(CCn2cccn2)c2nc(C)ccc2C1,0.004158691968768835,0
NS(=O)(=O)Nc1ccc(-c2ccc(C(F)(F)F)cc2)c(F)c1,0.006646132096648216,0
CC(C)(C)c1ccc(SC2=N[S+](=O)([O-])c3ccccc32)cc1,0.005116650834679604,0
CC1CNC(=O)c2c(C(=O)N3CCN(c4ccccc4)CC3)ncn21,0.003636829787865281,0
Cc1nn(Cc2ccccc2)c(Cl)c1C(=O)OC(C)C#N,0.00998422596603632,0
Cc1cccc2nc(-c3ccco3)c(Nc3ccccc3)n12,0.006113902665674686,0
CC(=O)c1c(C)[nH]c(C(=O)CSc2nnc(-c3ccco3)o2)c1C,0.00610574334859848,0
Cc1ccc(S(=O)(=O)NC2=NCCC2)cc1,0.025667540729045868,0
COc1ccc(COc2ccc(C(=O)C3CC3)cc2)cc1OC,0.014742209576070309,0
COc1ccc(-n2nnnc2C=CNc2ccc(C)cc2)cc1,0.01209419034421444,0
COCCCS(=O)(=O)N1CCN(C(C)(C)CO)CC1,0.01631385274231434,0
CC(=O)OCC1OCC(OC(C)=O)C(OC(C)=O)C1OC(C)=O,0.7499555349349976,0
CN1CC2CC(C1)CN(C(=O)c1ccccc1)C2,0.0254007987678051,0
c1ccc(Cc2nsc(C3CN4CCC3C4)n2)cc1,0.013928171247243881,0
CC(=O)NCC(=O)NC(CO)C(=O)O,0.10642535984516144,0
CNCc1ccccc1OCc1ccccc1F,0.012657319195568562,0
CC(=O)n1c(C)c(C(=O)c2ccc(F)cc2)n(C(C)=O)c1=O,0.004814488813281059,0
CC1(C)CCOc2c(C(=O)C=Cc3ccc(C(=O)O)cc3)cccc21,0.0008353958837687969,0
COc1ccccc1C1SCCN1C(=O)c1ccc([N+](=O)[O-])cc1,0.013129622675478458,0
O=C(Nc1nc(-c2ccco2)c(-c2ccco2)s1)c1cnccn1,0.006876296363770962,0
Cc1cc(C)c(OCC(=O)N2CC=C(c3ccccc3)CC2)c(C)c1,0.008849022909998894,0
Oc1cc(Nc2ccncc2)cc2cccnc12,0.005730589386075735,0
CS(=O)(=O)c1cccc(S(=O)(=O)n2ccc3ncccc32)c1,0.006409923080354929,0
CCN1CC2(CCN(Cc3nc(CSC)no3)CC2)CC1=O,0.0075081889517605305,0
CCC(NNC(N)=O)=C1C(=O)NC(=O)NC1=O,0.00969906896352768,0
Clc1cccc(Cl)c1NC1=NCCS1,0.01804312691092491,0
Brc1cccc(-c2cnnc(-c3ccccc3)c2)c1,0.009793317876756191,0
CCN1CCN(S(=O)(=O)c2cccs2)CC1,0.023409390822052956,0
O=C(O)CCCN1C(=O)C(=Cc2ccco2)SC1=S,0.01899690367281437,0
O=C1OC(CN2CCOCC2)CN1N=Cc1ccc([N+](=O)[O-])o1,0.08178900182247162,0
Oc1ccc(-c2nccs2)cc1,0.012921282090246677,0
COc1ccc(S(C)(=O)=O)cc1C(=O)Nc1cc(C)cc(C)n1,0.009156064130365849,0
COC(=O)c1sc2cc(C(F)(F)F)cnc2c1-c1ccccc1,0.003920854534953833,0
S=C=Nc1ccc(-c2nnc(S)o2)cc1,0.015190661884844303,0
O=C(CCc1cscn1)NS(=O)(=O)c1ccc2ccccc2c1,0.007526268716901541,0
C[N+](C)(C)CCN[N+]1(C)CCCc2ccccc21,0.001631442573852837,0
N#Cc1c(N)nc(SCCO)c(C#N)c1-c1cccc(F)c1,0.0036428063176572323,0
CC(=O)COc1ccc2c(-c3cccc([N+](=O)[O-])c3)cc(=O)oc2c1,0.004308568779379129,0
CCOc1ccc(NC(=O)Nc2cccc(C(=O)O)c2)cc1,0.027419518679380417,0
CC1=CC(=NN(C)C)C(C(O)(C(F)(F)F)C(F)(F)F)C(C)(C)C1,0.0057062506675720215,0
Cc1ccc(NC2=NCC(=O)N2Cc2ccc3c(c2)OCO3)cc1,0.00853367242962122,0
Cc1cccc(Cl)c1NC(=O)Nc1ccncc1,0.008734597824513912,0
CC(NC(=O)c1ccccc1Cl)C(=O)Nc1ccccc1F,0.010281204245984554,0
C[N+]1([O-])CCc2cc3c(c4c2C1C(O)c1ccccc1-4)OCO3,0.002308883238583803,0
CCC1=CC2Cc3nc4cc(F)cc(F)c4c(N)c3C(C1)C2,0.00265886215493083,0
CCc1cc(=O)oc2c3c(c(C)c(OCC(=O)O)c12)OC(C)(C)C=C3,0.005134983453899622,0
COc1ccc(NC(=O)CSc2c(C)n[nH]c2C)cc1,0.013191594742238522,0
O=c1[nH]c(=O)n(C2CC(O)C(CO)O2)cc1-c1ccsc1,0.8525456786155701,0
CC(=O)SCC(=O)N=c1sc2cc(F)ccc2n1C,0.007135593332350254,0
CCCc1nnc(NC2CCN(C3CCOCC3)CC2)o1,0.05143021047115326,0
Oc1ccc(-c2cn(Cc3ccccn3)nn2)cc1,0.012723151594400406,0
NC(Cc1ccc([N+](=O)[O-])cc1)=NOC(=O)c1ccccc1F,0.010212625376880169,0
Cc1cc(C)c2c(=O)cc(C(=O)Nc3ccccc3Cl)oc2c1,0.0038423631340265274,0
CC1Cc2cc(O)ccc2C2=C1c1ccc(O)cc1CC2C,0.0013030054979026318,0
COc1ccc(OC(C)C(=O)N2CCc3ccccc3C2)cc1,0.00780844921246171,0
COC(=O)c1ccc(-c2nn(Cc3ccccc3)c3cc(C)oc23)cc1,0.005831998772919178,0
O=C1CCCc2cc(-c3ccc(O)cc3)ccc21,0.004790508653968573,0
O=C1C(c2ccc(F)cc2)=[N+]([O-])c2cc3c(cc21)OCO3,0.003937093541026115,0
O=C(CC1OC(CO)C(O)C(O)C1O)Nc1nc2ccccc2[nH]1,0.8304764032363892,0
CCOC(=O)c1sc2nc(C)nc(S)c2c1C,0.0047941566444933414,0
Nc1ccc(C(=O)c2cccs2)cc1[N+](=O)[O-],0.01463273074477911,0
O=C1C=C2NCCc3c[nH]c(c32)C1=O,0.0019172291504219174,0
CC1CCN(C(=O)CSc2nc(N)cc(N)n2)CC1,0.06096808239817619,0
NC(CC(F)C(=O)O)C(=O)O,0.1366155743598938,0
Cc1ccc(C)n1C(CC(=O)O)c1ccc(C#N)cc1,0.007955632172524929,0
Nc1ccc(Br)cc1C(=O)N1CCc2ccccc2C1,0.008144318126142025,0
O=C(NC1CC1)N1CCC2(CC1)C(=O)NCCN2Cc1ccccc1,0.003996279090642929,0
CCC(C)OC(=O)CNC(=O)c1ccccc1,0.03339747339487076,0
CC(=O)Nc1ncc(S(=O)(=O)Nc2ccc(F)cc2F)s1,0.01587141491472721,0
O=C1CC2CCc3ccccc3C2=NN1CCCc1nn[nH]n1,0.0039524720050394535,0
CC1=CC(=NO)C(C(O)(C(F)(F)F)C(F)(F)F)C(C)(C)C1,0.007588594686239958,0
Cc1nn(C)c(C)c1CNC(=O)CCn1ncc2c(Cl)cccc21,0.005251285620033741,0
Cc1ccc(Oc2ccc(C=C3Oc4cc(O)ccc4C3=O)cc2)cc1,0.004268199671059847,0
CC(=O)C1=C(O)C(=C(C)Nc2ccc(NC(N)=O)cc2)C(=O)OC1=O,0.007416242267936468,0
CC1CCCN(Cc2ccc(OCc3ccccc3)cc2)C1,0.03915398567914963,0
Cc1cc(C)cc(OCc2nnc(SCC(=O)NC3CC3)n2C)c1,0.02320428378880024,0
CC(C)Cc1sc(-c2nccs2)nc1C(=O)O,0.012259559705853462,0
COc1cccc(OCc2nn3c(-c4ccccc4)nnc3s2)c1,0.0072659519501030445,0
CC(=NNC(=O)COc1ccccc1)c1ccc(O)cc1,0.027388134971261024,0
COC(=O)c1sc(=S)n(-c2cc(F)ccc2F)c1N,0.005628407467156649,0
O=S(=O)(c1cccc(Cl)c1)n1ccc2ncccc21,0.006638556253165007,0
CC(=O)N(O)C(=O)Nc1ccccc1,0.059517014771699905,0
Cc1ccccc1C(=O)N(C)Cc1ccccc1,0.009406202472746372,0
CCOCc1nc2c(c(NC(CC)c3cccnc3)n1)CCNCC2,0.0071205999702215195,0
Clc1cccc(Nc2ncnc3ccsc23)c1,0.008242194540798664,0
CCC(C)COc1cccc2ccc(N)nc12,0.005163594614714384,0
Cn1ccnc1C(O)(CCNCc1ccco1)C(F)(F)F,0.005625131074339151,0
O=C1NC(=O)c2c1c(-c1cccc(O)c1)cc1[nH]c3ccc(O)cc3c21,0.0015476178377866745,0
O=c1occcc1-c1ccccc1,0.008918541483581066,0
Cc1ccccc1-c1ccc(C(C)C(N)C(=O)N2CCC(F)C2)cc1,0.007338317111134529,0
O=C(Cc1cccs1)Nc1nnc(Cc2ccccc2)s1,0.04291301593184471,0
O=S(=O)(NCc1ccccn1)c1ccc(F)cc1,0.02171844244003296,0
COc1cccc(CNC(=O)CCN2C(S)=NC(C)(C)CC2C)c1,0.01592205837368965,0
Cc1cc(Nc2ccc(F)c(F)c2F)n2ncnc2n1,0.01423434354364872,0
COc1cc(CC(C)(CF)OC(C)=O)nc(OC)n1,0.04043121635913849,0
O=C1CCC(=O)N1c1nn(Cc2c(F)cccc2Cl)cc1Cl,0.005720075685530901,0
Oc1cc2c3ccc(O)c(O)c3n(Cc3ccccc3)c2cc1O,0.0028473332058638334,0
CC(C)(C)OC(=O)N1CC(O)CC1C(=O)OCC(=O)c1ccccc1,0.021912507712841034,0
O=C1Cc2ccccc2N1C1CC2CC(C1)N(Cc1ccccc1)C2,0.00577569380402565,0
O=C1OCC2(CCN(CCc3ccccc3)CC2)c2ccccc21,0.0003609721316024661,0
C=CCOc1ccc2c(c1)CCC1C2CCC2(C)C(O)C(O)CC12,0.002384758787229657,0
Cc1nc2cc(C(=O)NN=Cc3ccco3)c([N+](=O)[O-])cc2[nH]1,0.00889547448605299,0
COc1cc(C2CC(OC)c3cc4c(cc32)OCO4)cc(OC)c1O,0.011677607893943787,0
CCN1CCOC(CNCc2ccccc2OCc2cccnc2)C1,0.5983948707580566,0
Cc1ccnc(NCc2ccccc2N2CCOCC2)n1,0.01841333508491516,0
Fc1ccc(Nc2ncnc3cc4c(cc23)OCCCO4)cc1Cl,0.00924361776560545,0
Cc1cc(C)c2nc(C)cc(Nc3cccc(Cl)c3)c2c1,0.004783911630511284,0
Fc1cccc(COc2ccc3c(c2)CCc2nccn2-3)c1,0.0023112029302865267,0
COC(C(O)C[S+]1CC(O)C(O)C1CO)C(O)C(O)CO,0.05572096258401871,0
CCN(CC)C(=O)c1ccccc1NC(=O)c1ccccc1,0.009661602787673473,0
O=C(OCCCc1cc2ccccc2c(=O)o1)c1ccc(F)cc1,0.005674409680068493,0
CCc1cccc(C)c1NS(=O)(=O)c1cccs1,0.007908828556537628,0
COc1ccccc1CNc1ccc([N+](=O)[O-])cc1C,0.012837090529501438,0
O=C(NO)C1CC(c2ccc(Oc3ccc(F)cc3)cc2)C(=O)N1,0.009814009070396423,0
Cc1ccc(N2CC(NS(=O)(=O)c3cccnc3)CC2=O)cc1C,0.010250992141664028,0
Cn1c(N)c(C(C[N+](=O)[O-])c2ccccc2Cl)c(=O)n(C)c1=O,0.009399895556271076,0
COC(=O)C1=C(C(C)C)NC(C)=C(C#N)C1c1ccccc1Cl,0.004001718480139971,0
CC(C)(C)OC(=O)C(C#N)=Cc1ccc(O)c(O)c1,0.03087279200553894,0
CC(=Cc1ccccc1)C(O)S(=O)(=O)O,0.07179587334394455,0
CN1CCC(OC(=O)c2ccccc2C(=O)c2ccccc2)CC1,0.007481647655367851,0
COc1cccc(Cn2c(=O)c(C)nc3cnc(N(C)C)nc32)c1,0.0070126717910170555,0
C=COC(=O)C(C)(CC)CCC(C)C,0.029902594164013863,0
O=C(Nc1nc2nc(-c3ccccc3)cc(O)n2n1)c1ccc(F)cc1,0.010151822119951248,0
COc1ccc(C)cc1S(=O)(=O)Nc1ccccc1C,0.008303506299853325,0
CNCCSC1Cc2ccccc2Oc2ccc(SC)cc21,0.005995193496346474,0
Cn1nnc(SCc2cc([N+](=O)[O-])cc([N+](=O)[O-])c2)n1,0.03704914078116417,0
C=CC(C)(C)c1c(O)cc(O)c2c(=O)cc(-c3ccc(O)cc3)oc12,0.00192242709454149,0
CCCc1nc(O)c2nnn(Cc3ccccc3)c2n1,0.007364918477833271,0
CC(O)(C(=O)N1CCN(c2ccccc2)CC1)C(F)(F)F,0.03006441332399845,0
CC(=O)N1CCC(C(=O)NCCOc2ccc(C)cc2)CC1,0.049551498144865036,0
CC(NC(=O)CCn1cccn1)c1ccc2c(c1)OCCO2,0.00863786693662405,0
O=C(Nc1ccccc1)c1cccc(Oc2ccc3nccn3n2)c1,0.01476226095110178,0
COc1cc(CNc2ccnc(N)c2F)cc(OC)c1O,0.014490022324025631,0
CC[n+]1ccn(COCCS(=O)(=O)CC)c1C=NO,0.013843094930052757,0
N#Cc1ccc2[nH]c(-c3ccncc3)c(-c3ccncc3)c2n1,0.0033547813072800636,0
Cc1ccc(C)c(N2C(=O)Cc3ccccc3C2=O)c1,0.003872763365507126,0
CCN(CC)C(=O)C(C)Oc1cccc2ccccc12,0.0049348934553563595,0
NC(=O)N1CCC2(CC1)CC(=O)N(CC1CCCO1)c1ccccc12,0.30208632349967957,0
CC(C)(C)n1cc[n+](CC(=O)c2ccccc2)c1,0.019900621846318245,0
CC1OC(=O)c2cc(O)c(O)c(O)c21,0.004798728972673416,0
CCc1ccc(C=NNC(=O)Cn2c([N+](=O)[O-])cnc2C)cc1,0.013406709767878056,0
O=C1C2CCCN2C(=S)N1c1ccccc1,0.007915375754237175,0
CC(Nc1nc(C(F)(F)F)nc2ccccc12)c1ccccc1,0.008738136850297451,0
Cc1c(Cl)c([N+](=O)[O-])nn1CC(=O)N1CCCc2ccccc21,0.0031564419623464346,0
CC(C)NC(=O)Cc1ccc(-c2noc(C(F)(F)F)n2)cc1,0.013856667093932629,0
C=CCNC(=S)N1c2ccccc2NC(=O)CC1C,0.0032657324336469173,0
CC(=O)c1c(C)cc(C)c(CSc2ccccn2)c1C,0.005051660351455212,0
CN1CCc2[nH]c3ccc(CC(=O)[O-])cc3c2C1,0.004543850664049387,0
CC(C)C(=NC(=Nc1ccccc1)N1CCOCC1)N(C)C,0.06343945860862732,0
C=CCSc1nnc(CC(OC)OC)n1-c1ccccc1,0.05884354189038277,0
CCc1ccccc1NC(=O)c1nc2nc(C)cc(C(F)F)n2n1,0.011330455541610718,0
O=[N+]([O-])c1cccc(Nc2c3ccccc3nc3ccccc23)c1,0.004451097920536995,0
FC(F)(F)c1[nH]ccc2c3ccccc3nc1-2,0.0027115854900330305,0
CCN1CCc2nc(N)sc2C1,0.01264963485300541,0
CN(C)c1ccc(NC2=NC(N)=NC(C)(C)N2)cc1,0.02735203318297863,0
COC(=O)c1ccc(CSc2nnc(-c3ccncc3)o2)cc1,0.014478784054517746,0
O=c1c2cc(-c3ccccc3)cnc2sn1-c1ccc([N+](=O)[O-])cc1,0.009593718685209751,0
CCN(CC)c1nc(N(C)C)nc2c1CN(Cc1ccccc1)CC2,0.005597627721726894,0
C=C(C)C(=O)c1ccc(OC(C)C(=O)O)cc1C,0.008823089301586151,0
COc1ccccc1C=NNC(=O)c1c(-c2ccccc2)noc1C,0.005637146066874266,0
COc1ccc(NC2CS(=O)(=O)CC2NCc2ccccc2)cc1,0.027083968743681908,0
O=C(OCC(=O)N1CCOCC1)c1ccc(O)cc1,0.07397567480802536,0
Clc1ccccc1N=C1NCCN1,0.01906696707010269,0
CC(=O)N1CCC(c2nc(-c3cccs3)no2)CC1,0.018978839740157127,0
Cc1cc(=O)[nH]n1C(=O)c1ccncc1,0.012590317986905575,0
O=C(c1cccc2[nH]ccc12)N1CCN(Cc2ccccc2)CC1,0.005749733652919531,0
O=C(c1ccc(Nc2ccc(F)cc2F)nc1)c1ccccc1Cl,0.009653995744884014,0
O=C1c2c(F)c(F)c(F)c(F)c2SC2=NCCN12,0.008206614293158054,0
Nn1c(Cc2ccccc2)nnc1Cc1ccccc1,0.023068983107805252,0
CC(C)=NNC(=O)c1ccncc1,0.030720725655555725,0
Cc1cc(C(F)(F)F)nn1CC(=O)Nc1cccnc1,0.015465613454580307,0
CCOc1ccc(N2C(=O)C(Cl)=C(N3CCOCC3)C2=O)cc1,0.011854908429086208,0
O=C1c2ccc(-c3ccc(Cl)s3)nc2CCC1(CO)CO,0.004122260957956314,0
COC(=O)C1=C(C)C(C)(OC)NC1=O,0.0336320698261261,0
CCON=Cc1ccc(NC(=O)NC(=O)c2c(F)cccc2F)cc1,0.006647756323218346,0
Oc1cc2c(cc1O)C1c3cscc3CNC1CC2,0.00292778667062521,0
COc1ccc(Sc2c(C(=O)O)[nH]c3cc(C)ccc23)cc1,0.006200246047228575,0
CCc1cccc(CCCOC(=O)C(O)CC)c1,0.03499607741832733,0
Cc1ccc(SCCN2CCC(C)CCC2=O)cc1,0.030040757730603218,0
CN1C2CCC1C(c1ccc(F)cc1)C2,0.026768038049340248,0
CSc1cccc(Nc2nc(-c3cccc(C)c3)cs2)c1,0.011279035359621048,0
CN(C)c1ccc(-c2cc(C(=O)c3ccccc3)c(N)s2)cc1,0.010200216434895992,0
CC(C)(C)c1ccc(C=C2Oc3cc(O)ccc3C2=O)cc1,0.004677096381783485,0
O=C1NC(=O)N(c2ccccc2)C(=O)C1=Cc1ccc([N+](=O)[O-])o1,0.006972460076212883,0
COCCn1cc2c(n1)CCc1c-2sc(NC(N)=O)c1C(N)=O,0.0019102731021121144,0
Nc1nnc(SCC(=O)Nc2ccccc2C(F)(F)F)s1,0.007250476628541946,0
CC(Oc1c(Cl)cccc1Cl)C1=NCCN1,0.013048628345131874,0
c1ccc(C2=NC(c3ccccc3)CO2)cc1,0.02089136838912964,0
NC(=O)CSc1nnc(-c2ccncc2)n1CCc1ccccc1,0.007554476615041494,0
O=C1CN(Cc2ccccc2)CC2c3cccn3-c3ccccc3CN12,0.0024861537385731936,0
CN1CCC=C(COC(=O)Nc2ccccc2Cl)C1,0.017030248418450356,0
O=C(O)CC(c1ccc(C(F)(F)F)cc1)N1Cc2ccccc2C1=O,0.004459401126950979,0
NC(=O)c1cc[n+](CCC[n+]2ccc(C=NO)cc2)cc1,0.031512971967458725,0
CC(C)(C)C1Nc2ccccc2NC1=O,0.007521283812820911,0
COCCNC(=O)CSCc1cc(C)cc(C)c1,0.03341711312532425,0
CC(C)NC(=O)CC(=O)NN=Cc1ccccc1C(=O)O,0.0075860340148210526,0
CC(=O)c1c(NNc2nc(C)cc(C)n2)cc(C)oc1=O,0.0073241619393229485,0
CC(C)N1CCn2c(nc3cc(C(N)=O)ccc32)C1,0.005681781098246574,0
Cc1ccnc2c1C(=NN=C(N)N)CC(c1ccccc1Cl)C2,0.0035400367341935635,0
COC(=O)c1ccc(C=NNC(=O)c2cccc(F)c2)cc1,0.02747313678264618,0
Cc1c(C#N)csc1C(=O)NCc1c(F)cccc1Cl,0.009905239567160606,0
Nc1ccc(-c2cccc(C(=O)Nc3ccccc3Cl)n2)cn1,0.01053901668637991,0
CC(C)COc1cccc(N2CCN(C)CC2)n1,0.015135384164750576,0
CC(CC(=O)Nc1nnc(C(C)(C)C)s1)c1ccccc1,0.008041619323194027,0
Clc1cc(Cl)cc(Nc2nc3c(s2)-c2ccccc2C3)c1,0.0021118461154401302,0
O=c1c2ccccc2nc(NN=Cc2ccc(O)cc2)n1O,0.008012952283024788,0
CC1CN(c2ncnc3c2oc2ccccc23)CC(C)O1,0.8808496594429016,0
CCC(C)OC1C=C(C(=O)O)CC(N)C1NC(C)=O,0.04006234556436539,0
CCC(COc1ccccc1Cl)OC(=O)NCc1ccccc1,0.016363603994250298,0
CC(=O)c1ccc(OCC#N)cc1O,0.011480056680738926,0
CCSc1nc(=S)n(-c2ccccc2)c(C)c1C(C)=O,0.006984613370150328,0
CN(C)CCCOC1C(C(O)CO)OC2OC(C)(C)OC21,0.9241245985031128,0
c1cncc(CN2CCOCC2)c1,0.14422544836997986,0
Cc1nc2cc(N)ccc2n1-c1ccccc1,0.004687102977186441,0
CC1CN(C)c2ccccc2CN1C(=O)c1ccoc1,0.004313833545893431,0
COc1cccc(Cn2c(=O)oc3cc(F)ccc32)c1,0.006114749237895012,0
O=[N+]([O-])c1cccc(CSc2ncnc3ccccc23)c1,0.007482882589101791,0
c1cn2c(n1)CN(Cc1ccsc1)CC(Cn1cncn1)C2,0.013707620091736317,0
C#CCN(C)CC(=C)c1cccs1,0.022888364270329475,0
COC(=O)C1=C(N)OC2=C(C(=O)CC(C)(C)C2)C1c1cccnc1,0.003856916446238756,0
CC(C)c1cc(C(=O)N2CCN(Cc3ccsc3)CC2)n[nH]1,0.023357393220067024,0
O=C(Nc1cccc(-c2ccccc2)n1)c1ccccc1,0.01050850935280323,0
CC(O)CCNCc1ccc2ccc3cccc4ccc1c2c34,0.002212358871474862,0
c1cncc(-c2c[nH]c(C3COCCN3Cc3ccncc3)n2)c1,0.038688551634550095,0
CCCN(Cc1ccccc1)C(S)=Nc1ccc(C(C)=O)cc1,0.025471996515989304,0
